item_id	citation	title	authority_tier	validity	validity_note	version_id	lang	source_url	retrieved	media_type	bytes	sha256
CCR-11-7000	11 CCR § 7000	Title and Scope.	delegated	in-force		CPPA-final-regs-2023-03-29	eng	https://cppa.ca.gov/regulations/pdf/20230329_final_regs_text.pdf	2026-08-01	application/pdf	801	d77707ee2b780fe52df4b43b8f7f7929dbc1c7af21109aa058a645fedaf2307a
CCR-11-7001	11 CCR § 7001	Definitions.	delegated	in-force		CPPA-approved-text-2025-09-22-eff-2026-01-01	eng	https://cppa.ca.gov/regulations/pdf/ccpa_updates_cyber_risk_admt_appr_text.pdf	2026-08-01	application/pdf	24220	db1bcd4a407b51ac33c0b35fe89ed7b69bd2863eae4a1319078f0c12aaaaeece
CCR-11-7001@2023	11 CCR § 7001 (2023 text)	Definitions.	delegated	amended	Superseded 2026-01-01 by the CCPA Updates, Cyber, Risk, ADMT and Insurance Regulations (OAL 2025-0808-04). Retained as the text in force from 2023-03-29 to 2025-12-31.	CPPA-final-regs-2023-03-29	eng	https://cppa.ca.gov/regulations/pdf/20230329_final_regs_text.pdf	2026-08-01	application/pdf	13857	b8cd2826c925fd87397e169f81f864bf55d6decb9a8b6f3d624740aded999c31
CCR-11-7002	11 CCR § 7002	Restrictions on the Collection and Use of Personal Information.	delegated	in-force		CPPA-approved-text-2025-09-22-eff-2026-01-01	eng	https://cppa.ca.gov/regulations/pdf/ccpa_updates_cyber_risk_admt_appr_text.pdf	2026-08-01	application/pdf	9026	87e11ce56cb7a55233f84f30f5bdc691dd47e1b4cff67513483d915c3773f022
CCR-11-7002@2023	11 CCR § 7002 (2023 text)	Restrictions on the Collection and Use of Personal Information.	delegated	amended	Superseded 2026-01-01 by the CCPA Updates, Cyber, Risk, ADMT and Insurance Regulations (OAL 2025-0808-04). Retained as the text in force from 2023-03-29 to 2025-12-31.	CPPA-final-regs-2023-03-29	eng	https://cppa.ca.gov/regulations/pdf/20230329_final_regs_text.pdf	2026-08-01	application/pdf	8817	e1ee75e4ed9fb238b1b1ab899042742806386d837b66391cf02b56ab0c190640
CCR-11-7003	11 CCR § 7003	Requirements for Disclosures and Communications to Consumers.	delegated	in-force		CPPA-approved-text-2025-09-22-eff-2026-01-01	eng	https://cppa.ca.gov/regulations/pdf/ccpa_updates_cyber_risk_admt_appr_text.pdf	2026-08-01	application/pdf	1998	fb5ecfd622c7be5d84f1688f9946d82cbf2b96f31f055f54fb9dc4231cde65e5
CCR-11-7003@2023	11 CCR § 7003 (2023 text)	Requirements for Disclosures and Communications to Consumers.	delegated	amended	Superseded 2026-01-01 by the CCPA Updates, Cyber, Risk, ADMT and Insurance Regulations (OAL 2025-0808-04). Retained as the text in force from 2023-03-29 to 2025-12-31.	CPPA-final-regs-2023-03-29	eng	https://cppa.ca.gov/regulations/pdf/20230329_final_regs_text.pdf	2026-08-01	application/pdf	1925	229dfa6122ef11c2dec4aacc323aec5e8b1529a863bc3cd92c1c3f657ef2b616
CCR-11-7004	11 CCR § 7004	Requirements for Methods for Submitting CCPA Requests and Obtaining Consumer Consent.	delegated	in-force		CPPA-approved-text-2025-09-22-eff-2026-01-01	eng	https://cppa.ca.gov/regulations/pdf/ccpa_updates_cyber_risk_admt_appr_text.pdf	2026-08-01	application/pdf	10181	eb6f0fb5db5f89c42a45357b063d1c84b2f62801fe7d0b6f57dbaa1f1facb858
CCR-11-7004@2023	11 CCR § 7004 (2023 text)	Requirements for Methods for Submitting CCPA Requests and Obtaining Consumer Consent.	delegated	amended	Superseded 2026-01-01 by the CCPA Updates, Cyber, Risk, ADMT and Insurance Regulations (OAL 2025-0808-04). Retained as the text in force from 2023-03-29 to 2025-12-31.	CPPA-final-regs-2023-03-29	eng	https://cppa.ca.gov/regulations/pdf/20230329_final_regs_text.pdf	2026-08-01	application/pdf	7789	b11c7678b51cbdc999c052a97ba1e5f3e700c81e77d0356eecf442daa32ec9bc
CCR-11-7010	11 CCR § 7010	Overview of Required Disclosures.	delegated	in-force		CPPA-approved-text-2025-09-22-eff-2026-01-01	eng	https://cppa.ca.gov/regulations/pdf/ccpa_updates_cyber_risk_admt_appr_text.pdf	2026-08-01	application/pdf	1759	6c17008e22f613b355735b08d762246ec7acf690fc7616512e29d96fe5b6c36a
CCR-11-7010@2023	11 CCR § 7010 (2023 text)	Overview of Required Notices Disclosures.	delegated	amended	Superseded 2026-01-01 by the CCPA Updates, Cyber, Risk, ADMT and Insurance Regulations (OAL 2025-0808-04). Retained as the text in force from 2023-03-29 to 2025-12-31.	CPPA-final-regs-2023-03-29	eng	https://cppa.ca.gov/regulations/pdf/20230329_final_regs_text.pdf	2026-08-01	application/pdf	1307	2c5096407b6f43540fec8c58672a1529a01dff4ce82db187069894d13f61fc00
CCR-11-7011	11 CCR § 7011	Privacy Policy.	delegated	in-force		CPPA-approved-text-2025-09-22-eff-2026-01-01	eng	https://cppa.ca.gov/regulations/pdf/ccpa_updates_cyber_risk_admt_appr_text.pdf	2026-08-01	application/pdf	8937	ea7ce292fe0221563f100524d6114d6dca716034f3991e5ed5683bfa2bd4ed4d
CCR-11-7011@2023	11 CCR § 7011 (2023 text)	Privacy Policy.	delegated	amended	Superseded 2026-01-01 by the CCPA Updates, Cyber, Risk, ADMT and Insurance Regulations (OAL 2025-0808-04). Retained as the text in force from 2023-03-29 to 2025-12-31.	CPPA-final-regs-2023-03-29	eng	https://cppa.ca.gov/regulations/pdf/20230329_final_regs_text.pdf	2026-08-01	application/pdf	12712	3e733f43dff0b32a7882735acb538b67778be7af8be9555eb05d704c3f7dfe08
CCR-11-7012	11 CCR § 7012	Notice at Collection of Personal Information.	delegated	in-force		CPPA-approved-text-2025-09-22-eff-2026-01-01	eng	https://cppa.ca.gov/regulations/pdf/ccpa_updates_cyber_risk_admt_appr_text.pdf	2026-08-01	application/pdf	8093	f8be7af8d7fa5401b8fbb1926a683d1dbb6f26245f8c481ec69ee7c237eca3b6
CCR-11-7012@2023	11 CCR § 7012 (2023 text)	Notice at Collection of Personal Information.	delegated	amended	Superseded 2026-01-01 by the CCPA Updates, Cyber, Risk, ADMT and Insurance Regulations (OAL 2025-0808-04). Retained as the text in force from 2023-03-29 to 2025-12-31.	CPPA-final-regs-2023-03-29	eng	https://cppa.ca.gov/regulations/pdf/20230329_final_regs_text.pdf	2026-08-01	application/pdf	10746	702bf0d86bac9326434463979ce517fa3631f41a0b38fdff2b119a6f5a498707
CCR-11-7013	11 CCR § 7013	Notice of Right to Opt-out of Sale/Sharing and the “Do Not Sell or Share My Personal Information” Link.	delegated	in-force		CPPA-approved-text-2025-09-22-eff-2026-01-01	eng	https://cppa.ca.gov/regulations/pdf/ccpa_updates_cyber_risk_admt_appr_text.pdf	2026-08-01	application/pdf	5808	ef2a2392791ea058e1a6d9ef406d144cd2ce7b5772f7d7b25a9fcadbbc4bde89
CCR-11-7013@2023	11 CCR § 7013 (2023 text)	Notice of Right to Opt-Oout of Sale/Sharing ofand the “Do Not Sell or Share My Personal Information” Link.	delegated	amended	Superseded 2026-01-01 by the CCPA Updates, Cyber, Risk, ADMT and Insurance Regulations (OAL 2025-0808-04). Retained as the text in force from 2023-03-29 to 2025-12-31.	CPPA-final-regs-2023-03-29	eng	https://cppa.ca.gov/regulations/pdf/20230329_final_regs_text.pdf	2026-08-01	application/pdf	7276	f0bddcc89f7afa3625d16670e3e942798436837568c18081cc2fe3008e1dce4b
CCR-11-7014	11 CCR § 7014	Notice of Right to Limit and the “Limit the Use of My Sensitive Personal Information” Link.	delegated	in-force		CPPA-approved-text-2025-09-22-eff-2026-01-01	eng	https://cppa.ca.gov/regulations/pdf/ccpa_updates_cyber_risk_admt_appr_text.pdf	2026-08-01	application/pdf	6077	b002e3c9a4bc6ff1db6d20fd3e1dda531eddb35c090dd3be4f5c598b1814529f
CCR-11-7014@2023	11 CCR § 7014 (2023 text)	Notice of Right to Limit and the “Limit the Use of My Sensitive Personal Information” Link.	delegated	amended	Superseded 2026-01-01 by the CCPA Updates, Cyber, Risk, ADMT and Insurance Regulations (OAL 2025-0808-04). Retained as the text in force from 2023-03-29 to 2025-12-31.	CPPA-final-regs-2023-03-29	eng	https://cppa.ca.gov/regulations/pdf/20230329_final_regs_text.pdf	2026-08-01	application/pdf	3999	b9acdfa44c27e0974ec08acbeffde95773c80f88827edd6bd732c3dedc33086b
CCR-11-7015	11 CCR § 7015	Alternative Opt-out Link.	delegated	in-force		CPPA-approved-text-2025-09-22-eff-2026-01-01	eng	https://cppa.ca.gov/regulations/pdf/ccpa_updates_cyber_risk_admt_appr_text.pdf	2026-08-01	application/pdf	2175	20807b063941b889bf48cab904f5758f07ba91ba46fb71dd745dc46e7ca75c5e
CCR-11-7015@2023	11 CCR § 7015 (2023 text)	Alternative Opt-out Link.	delegated	amended	Superseded 2026-01-01 by the CCPA Updates, Cyber, Risk, ADMT and Insurance Regulations (OAL 2025-0808-04). Retained as the text in force from 2023-03-29 to 2025-12-31.	CPPA-final-regs-2023-03-29	eng	https://cppa.ca.gov/regulations/pdf/20230329_final_regs_text.pdf	2026-08-01	application/pdf	1847	d9f7d3aea2fd3f500234933099ed68d6469a693fb0128499792982d06c83792f
CCR-11-7016	11 CCR § 7016	Notice of Financial Incentive.	delegated	in-force		CPPA-final-regs-2023-03-29	eng	https://cppa.ca.gov/regulations/pdf/20230329_final_regs_text.pdf	2026-08-01	application/pdf	3297	abc0681386ccfae4d5807146846f0c43ceefc08baea862d072ffd286de407a63
CCR-11-7020	11 CCR § 7020	Methods for Submitting Requests to Delete, Requests to Correct, and Requests to Know.	delegated	in-force		CPPA-approved-text-2025-09-22-eff-2026-01-01	eng	https://cppa.ca.gov/regulations/pdf/ccpa_updates_cyber_risk_admt_appr_text.pdf	2026-08-01	application/pdf	3206	18f3da428ea9a6c55e0042c022870a22e8dca8cf47ea44c3fa13f0b83ddb67ce
CCR-11-7020@2023	11 CCR § 7020 (2023 text)	Methods for Submitting Requests to Delete, Requests to Correct, and Requests to Know and Requests to Delete.	delegated	amended	Superseded 2026-01-01 by the CCPA Updates, Cyber, Risk, ADMT and Insurance Regulations (OAL 2025-0808-04). Retained as the text in force from 2023-03-29 to 2025-12-31.	CPPA-final-regs-2023-03-29	eng	https://cppa.ca.gov/regulations/pdf/20230329_final_regs_text.pdf	2026-08-01	application/pdf	2947	1633988674d5db7e867975e42f3d7e0d1ecf291da8a253f030b0857548066645
CCR-11-7021	11 CCR § 7021	Timelines for Responding to Requests to Delete, Requests to Correct, and Requests to Know, Requests to Access ADMT, and Requests to Appeal ADMT.	delegated	in-force		CPPA-approved-text-2025-09-22-eff-2026-01-01	eng	https://cppa.ca.gov/regulations/pdf/ccpa_updates_cyber_risk_admt_appr_text.pdf	2026-08-01	application/pdf	1826	9c53abad9cef037569e95769fbfb806b58463baf839d93c95d08824bb8e2987a
CCR-11-7021@2023	11 CCR § 7021 (2023 text)	Timelines for Responding to Requests to Delete, Requests to Correct, and Requests to Know and Requests to Delete.	delegated	amended	Superseded 2026-01-01 by the CCPA Updates, Cyber, Risk, ADMT and Insurance Regulations (OAL 2025-0808-04). Retained as the text in force from 2023-03-29 to 2025-12-31.	CPPA-final-regs-2023-03-29	eng	https://cppa.ca.gov/regulations/pdf/20230329_final_regs_text.pdf	2026-08-01	application/pdf	1777	9013c4877f4259788f684460127f945626a5f0f8a4da155f0f1b596255e60561
CCR-11-7022	11 CCR § 7022	Requests to Delete.	delegated	in-force		CPPA-approved-text-2025-09-22-eff-2026-01-01	eng	https://cppa.ca.gov/regulations/pdf/ccpa_updates_cyber_risk_admt_appr_text.pdf	2026-08-01	application/pdf	6238	7828ac76bbdd247701c62a51fe6bfab6f4485f4ea711e808cf640118fcc00004
CCR-11-7022@2023	11 CCR § 7022 (2023 text)	Requests to Delete.	delegated	amended	Superseded 2026-01-01 by the CCPA Updates, Cyber, Risk, ADMT and Insurance Regulations (OAL 2025-0808-04). Retained as the text in force from 2023-03-29 to 2025-12-31.	CPPA-final-regs-2023-03-29	eng	https://cppa.ca.gov/regulations/pdf/20230329_final_regs_text.pdf	2026-08-01	application/pdf	6549	20d2558d8394394116e7b12df3b51fb51dd99b488202193cd5cb8c33e92b3c7d
CCR-11-7023	11 CCR § 7023	Requests to Correct.	delegated	in-force		CPPA-approved-text-2025-09-22-eff-2026-01-01	eng	https://cppa.ca.gov/regulations/pdf/ccpa_updates_cyber_risk_admt_appr_text.pdf	2026-08-01	application/pdf	11570	72e425829742ea2d5ac1dc08d59d26cf4842338972300754ff80b6af2d1c93f0
CCR-11-7023@2023	11 CCR § 7023 (2023 text)	Requests to Correct.	delegated	amended	Superseded 2026-01-01 by the CCPA Updates, Cyber, Risk, ADMT and Insurance Regulations (OAL 2025-0808-04). Retained as the text in force from 2023-03-29 to 2025-12-31.	CPPA-final-regs-2023-03-29	eng	https://cppa.ca.gov/regulations/pdf/20230329_final_regs_text.pdf	2026-08-01	application/pdf	9629	995295673740a171385745ebdc0fb3f03ac4430231a0a45e686351f4cdf35afe
CCR-11-7024	11 CCR § 7024	Requests to Know.	delegated	in-force		CPPA-approved-text-2025-09-22-eff-2026-01-01	eng	https://cppa.ca.gov/regulations/pdf/ccpa_updates_cyber_risk_admt_appr_text.pdf	2026-08-01	application/pdf	8176	fcf0272ed86112061663eaf02172efa96c62f38f7d4b05b4d623219bc622a995
CCR-11-7024@2023	11 CCR § 7024 (2023 text)	Requests to Know.	delegated	amended	Superseded 2026-01-01 by the CCPA Updates, Cyber, Risk, ADMT and Insurance Regulations (OAL 2025-0808-04). Retained as the text in force from 2023-03-29 to 2025-12-31.	CPPA-final-regs-2023-03-29	eng	https://cppa.ca.gov/regulations/pdf/20230329_final_regs_text.pdf	2026-08-01	application/pdf	7719	8100fb89fad19d65c027f3e0392216798599d64a5d7ea2554db480551c7c91d7
CCR-11-7025	11 CCR § 7025	Opt-out Preference Signals.	delegated	in-force		CPPA-approved-text-2025-09-22-eff-2026-01-01	eng	https://cppa.ca.gov/regulations/pdf/ccpa_updates_cyber_risk_admt_appr_text.pdf	2026-08-01	application/pdf	15835	127d34dbad4430b095a01c8eb70d70dbbf182b1fb8189082dd5f1b0ba8ffd71d
CCR-11-7025@2023	11 CCR § 7025 (2023 text)	Opt-out Preference Signals.	delegated	amended	Superseded 2026-01-01 by the CCPA Updates, Cyber, Risk, ADMT and Insurance Regulations (OAL 2025-0808-04). Retained as the text in force from 2023-03-29 to 2025-12-31.	CPPA-final-regs-2023-03-29	eng	https://cppa.ca.gov/regulations/pdf/20230329_final_regs_text.pdf	2026-08-01	application/pdf	15422	9057c6ed6727e3bf487f7eb8ba19502c6107044da6df4ae40fc04909a5731f3e
CCR-11-7026	11 CCR § 7026	Requests to Opt-out of Sale/Sharing.	delegated	in-force		CPPA-approved-text-2025-09-22-eff-2026-01-01	eng	https://cppa.ca.gov/regulations/pdf/ccpa_updates_cyber_risk_admt_appr_text.pdf	2026-08-01	application/pdf	8596	b6ad3efb452f45d68befe6f5ebb3daaaec4612030cd8d8d125beb9f2a8f13188
CCR-11-7026@2023	11 CCR § 7026 (2023 text)	Requests to Opt-Oout of Sale/Sharing.	delegated	amended	Superseded 2026-01-01 by the CCPA Updates, Cyber, Risk, ADMT and Insurance Regulations (OAL 2025-0808-04). Retained as the text in force from 2023-03-29 to 2025-12-31.	CPPA-final-regs-2023-03-29	eng	https://cppa.ca.gov/regulations/pdf/20230329_final_regs_text.pdf	2026-08-01	application/pdf	10620	22c8e32f1cf8d70f028e7c13163e287a48c5d0875b8022c016a44f9769926eb0
CCR-11-7027	11 CCR § 7027	Requests to Limit Use and Disclosure of Sensitive Personal Information.	delegated	in-force		CPPA-approved-text-2025-09-22-eff-2026-01-01	eng	https://cppa.ca.gov/regulations/pdf/ccpa_updates_cyber_risk_admt_appr_text.pdf	2026-08-01	application/pdf	11658	9258ea5d8fa195ebcc303a30614b4cb02e443adeec3a0e942bbf559919391e24
CCR-11-7027@2023	11 CCR § 7027 (2023 text)	Requests to Limit Use and Disclosure of Sensitive Personal Information.	delegated	amended	Superseded 2026-01-01 by the CCPA Updates, Cyber, Risk, ADMT and Insurance Regulations (OAL 2025-0808-04). Retained as the text in force from 2023-03-29 to 2025-12-31.	CPPA-final-regs-2023-03-29	eng	https://cppa.ca.gov/regulations/pdf/20230329_final_regs_text.pdf	2026-08-01	application/pdf	10854	23287103048886c83fb619c35b7b5e46a0ec941a1e6195b7ef5d602841495a11
CCR-11-7028	11 CCR § 7028	Requests to Opt-in After Opting-out of the Sale or Sharing of Personal Information or Limiting the Use and Disclosure of Sensitive Personal Information.	delegated	in-force		CPPA-approved-text-2025-09-22-eff-2026-01-01	eng	https://cppa.ca.gov/regulations/pdf/ccpa_updates_cyber_risk_admt_appr_text.pdf	2026-08-01	application/pdf	1912	9c5658fe219bb24a8e7d61648b71c89ad9d4d771d193a44398c3b5268a2ffd07
CCR-11-7028@2023	11 CCR § 7028 (2023 text)	Requests to Opt-Iin After Opting-Oout of the Sale or Sharing of Personal Information.	delegated	amended	Superseded 2026-01-01 by the CCPA Updates, Cyber, Risk, ADMT and Insurance Regulations (OAL 2025-0808-04). Retained as the text in force from 2023-03-29 to 2025-12-31.	CPPA-final-regs-2023-03-29	eng	https://cppa.ca.gov/regulations/pdf/20230329_final_regs_text.pdf	2026-08-01	application/pdf	2654	ea80d1996e2efca93969779652c9d1cfafaec15951777d60e2f7420787e057c3
CCR-11-7050	11 CCR § 7050	Service Providers and Contractors.	delegated	in-force		CPPA-approved-text-2025-09-22-eff-2026-01-01	eng	https://cppa.ca.gov/regulations/pdf/ccpa_updates_cyber_risk_admt_appr_text.pdf	2026-08-01	application/pdf	7114	ef4c653cf5c029c8fb63907d0f9e6990deb2b367f8f6fdc2d18ff297bfa327f2
CCR-11-7050@2023	11 CCR § 7050 (2023 text)	§ 7051. Service Providers and Contractors.	delegated	amended	Superseded 2026-01-01 by the CCPA Updates, Cyber, Risk, ADMT and Insurance Regulations (OAL 2025-0808-04). Retained as the text in force from 2023-03-29 to 2025-12-31.	CPPA-final-regs-2023-03-29	eng	https://cppa.ca.gov/regulations/pdf/20230329_final_regs_text.pdf	2026-08-01	application/pdf	7219	ee0568b0c037b8164a6879524a0b88856a3f44be9521055c362df2896a86648d
CCR-11-7051	11 CCR § 7051	Contract Requirements for Service Providers and Contractors.	delegated	in-force		CPPA-approved-text-2025-09-22-eff-2026-01-01	eng	https://cppa.ca.gov/regulations/pdf/ccpa_updates_cyber_risk_admt_appr_text.pdf	2026-08-01	application/pdf	6158	320e1cb9d6a68c8f18ef9b480bb7eb7c281b2e66ae10cac072f6394ba5e6c2d5
CCR-11-7051@2023	11 CCR § 7051 (2023 text)	Contract Requirements for Service Providers and Contractors.	delegated	amended	Superseded 2026-01-01 by the CCPA Updates, Cyber, Risk, ADMT and Insurance Regulations (OAL 2025-0808-04). Retained as the text in force from 2023-03-29 to 2025-12-31.	CPPA-final-regs-2023-03-29	eng	https://cppa.ca.gov/regulations/pdf/20230329_final_regs_text.pdf	2026-08-01	application/pdf	5843	30382a1b908b64e97d695509a391fd38b19c82db6551e782bcd3beb151d27931
CCR-11-7052	11 CCR § 7052	Third Parties.	delegated	in-force		CPPA-final-regs-2023-03-29	eng	https://cppa.ca.gov/regulations/pdf/20230329_final_regs_text.pdf	2026-08-01	application/pdf	731	362f3c4597e2e7d3bb47a5ef264d7a2f840a6289dc8eb46170f39523a2083aaf
CCR-11-7053	11 CCR § 7053	Contract Requirements for Third Parties.	delegated	in-force		CPPA-approved-text-2025-09-22-eff-2026-01-01	eng	https://cppa.ca.gov/regulations/pdf/ccpa_updates_cyber_risk_admt_appr_text.pdf	2026-08-01	application/pdf	3495	c1d3455e2da0d4906ee3fba6015fcfcef60b1b45bca2307d610760899df2a73c
CCR-11-7053@2023	11 CCR § 7053 (2023 text)	Contract Requirements for Third Parties.	delegated	amended	Superseded 2026-01-01 by the CCPA Updates, Cyber, Risk, ADMT and Insurance Regulations (OAL 2025-0808-04). Retained as the text in force from 2023-03-29 to 2025-12-31.	CPPA-final-regs-2023-03-29	eng	https://cppa.ca.gov/regulations/pdf/20230329_final_regs_text.pdf	2026-08-01	application/pdf	3490	4cd611ba50b2f85fe3604bf8d4a5bcdd2841589bbcc73ca5dd32ab9a86cc79af
CCR-11-7060	11 CCR § 7060	General Rules Regarding Verification.	delegated	in-force		CPPA-approved-text-2025-09-22-eff-2026-01-01	eng	https://cppa.ca.gov/regulations/pdf/ccpa_updates_cyber_risk_admt_appr_text.pdf	2026-08-01	application/pdf	4723	73b768ef57498e03a85cf9585b71db183c11bd10fb94a8ba553baa55bde55713
CCR-11-7060@2023	11 CCR § 7060 (2023 text)	General Rules Regarding Verification.	delegated	amended	Superseded 2026-01-01 by the CCPA Updates, Cyber, Risk, ADMT and Insurance Regulations (OAL 2025-0808-04). Retained as the text in force from 2023-03-29 to 2025-12-31.	CPPA-final-regs-2023-03-29	eng	https://cppa.ca.gov/regulations/pdf/20230329_final_regs_text.pdf	2026-08-01	application/pdf	4538	5da4abf949bef615429f339f85878d8c28a46dfeb8b7e4ef6963e48a0abdac21
CCR-11-7061	11 CCR § 7061	Verification for Password-Protected Accounts.	delegated	in-force		CPPA-final-regs-2023-03-29	eng	https://cppa.ca.gov/regulations/pdf/20230329_final_regs_text.pdf	2026-08-01	application/pdf	1185	f3dba083d17d6ee9f8e47bfedb704ce65e73648bdb5b386d9fb9f5e4bd4f7877
CCR-11-7062	11 CCR § 7062	Verification for Non-Accountholders.	delegated	in-force		CPPA-approved-text-2025-09-22-eff-2026-01-01	eng	https://cppa.ca.gov/regulations/pdf/ccpa_updates_cyber_risk_admt_appr_text.pdf	2026-08-01	application/pdf	4652	8da532c7e167e19a6cdf4153fbfec181cf2bbac6f79cc6083225a02849f12037
CCR-11-7062@2023	11 CCR § 7062 (2023 text)	Verification for Non-Accountholders.	delegated	amended	Superseded 2026-01-01 by the CCPA Updates, Cyber, Risk, ADMT and Insurance Regulations (OAL 2025-0808-04). Retained as the text in force from 2023-03-29 to 2025-12-31.	CPPA-final-regs-2023-03-29	eng	https://cppa.ca.gov/regulations/pdf/20230329_final_regs_text.pdf	2026-08-01	application/pdf	4588	36d3d367ad0952f8b6ee0268fa9d6e1edaad605edaf2cf90692fc2621f5c0ace
CCR-11-7063	11 CCR § 7063	Authorized Agents.	delegated	in-force		CPPA-approved-text-2025-09-22-eff-2026-01-01	eng	https://cppa.ca.gov/regulations/pdf/ccpa_updates_cyber_risk_admt_appr_text.pdf	2026-08-01	application/pdf	1533	5697f37450a60a2fed13d387b2637d9171529d01491323a805e6db65486675c6
CCR-11-7063@2023	11 CCR § 7063 (2023 text)	Authorized Agents.	delegated	amended	Superseded 2026-01-01 by the CCPA Updates, Cyber, Risk, ADMT and Insurance Regulations (OAL 2025-0808-04). Retained as the text in force from 2023-03-29 to 2025-12-31.	CPPA-final-regs-2023-03-29	eng	https://cppa.ca.gov/regulations/pdf/20230329_final_regs_text.pdf	2026-08-01	application/pdf	1433	0f6ca3a1110db9ec5b53765b2bd58f6870b8836a2c78a96ad25b27101914b3bc
CCR-11-7070	11 CCR § 7070	Consumers Less Than 13 Years of Age.	delegated	in-force		CPPA-approved-text-2025-09-22-eff-2026-01-01	eng	https://cppa.ca.gov/regulations/pdf/ccpa_updates_cyber_risk_admt_appr_text.pdf	2026-08-01	application/pdf	2511	105668a11dffe479a162a7ed388e81c53e56c391effe3d31b71d6db415de7269
CCR-11-7070@2023	11 CCR § 7070 (2023 text)	Consumers Less Than Under 13 Years of Age.	delegated	amended	Superseded 2026-01-01 by the CCPA Updates, Cyber, Risk, ADMT and Insurance Regulations (OAL 2025-0808-04). Retained as the text in force from 2023-03-29 to 2025-12-31.	CPPA-final-regs-2023-03-29	eng	https://cppa.ca.gov/regulations/pdf/20230329_final_regs_text.pdf	2026-08-01	application/pdf	2590	cd0f873598b16c7292a2be4bfb78865d8c7b8b1a0bad77b04f935e24d91aeb8d
CCR-11-7071	11 CCR § 7071	Consumers at Least 13 Years of Age and Less Than 16 to 15 Years of Age.	delegated	in-force		CPPA-final-regs-2023-03-29	eng	https://cppa.ca.gov/regulations/pdf/20230329_final_regs_text.pdf	2026-08-01	application/pdf	897	c3b2e060368ff7953f77a9e2175389604315963c5542d3a0bfe4a3b74a907da5
CCR-11-7072	11 CCR § 7072	Notices to Consumers Less Than Under 16 Years of Age.	delegated	in-force		CPPA-final-regs-2023-03-29	eng	https://cppa.ca.gov/regulations/pdf/20230329_final_regs_text.pdf	2026-08-01	application/pdf	827	b1b62ede144cc7318e3f0e4d69a4e5f38ce06cbc27622730208d401f708aaf0a
CCR-11-7080	11 CCR § 7080	Discriminatory Practices.	delegated	in-force		CPPA-approved-text-2025-09-22-eff-2026-01-01	eng	https://cppa.ca.gov/regulations/pdf/ccpa_updates_cyber_risk_admt_appr_text.pdf	2026-08-01	application/pdf	4445	0a6eba86cfa70a580cce09515e121807aac619ea0457c2e5e28d6e4081bd5f24
CCR-11-7080@2023	11 CCR § 7080 (2023 text)	Discriminatory Practices.	delegated	amended	Superseded 2026-01-01 by the CCPA Updates, Cyber, Risk, ADMT and Insurance Regulations (OAL 2025-0808-04). Retained as the text in force from 2023-03-29 to 2025-12-31.	CPPA-final-regs-2023-03-29	eng	https://cppa.ca.gov/regulations/pdf/20230329_final_regs_text.pdf	2026-08-01	application/pdf	4462	f42ad691c2d385280c8beb9468b3715ebb8f6494d0291074da6ad307316b722e
CCR-11-7081	11 CCR § 7081	Calculating the Value of Consumer Data.	delegated	in-force		CPPA-final-regs-2023-03-29	eng	https://cppa.ca.gov/regulations/pdf/20230329_final_regs_text.pdf	2026-08-01	application/pdf	1577	918d15ee6d181a1f8867e096094938553667c759140e135ff02e93f21243a436
CCR-11-7100	11 CCR § 7100	Training.	delegated	in-force		CPPA-final-regs-2023-03-29	eng	https://cppa.ca.gov/regulations/pdf/20230329_final_regs_text.pdf	2026-08-01	application/pdf	1083	1178b2f567b10b0c0f98825309f55fb52e4c7cf832dd43053003630f2b107938
CCR-11-7101	11 CCR § 7101	Record-Keeping.	delegated	in-force		CPPA-final-regs-2023-03-29	eng	https://cppa.ca.gov/regulations/pdf/20230329_final_regs_text.pdf	2026-08-01	application/pdf	1571	3c69416e94617e3c9f904fc3c9db30d77077bc9d0fc6106b44afbf47d2797020
CCR-11-7102	11 CCR § 7102	Requirements for Businesses Collecting Large Amounts of Personal Information.	delegated	in-force		CPPA-approved-text-2025-09-22-eff-2026-01-01	eng	https://cppa.ca.gov/regulations/pdf/ccpa_updates_cyber_risk_admt_appr_text.pdf	2026-08-01	application/pdf	2596	8bd43ff3dc6893890f7d236b5a1e37cc5d14d51a2274a3f1f087c24987833594
CCR-11-7102@2023	11 CCR § 7102 (2023 text)	Requirements for Businesses Collecting Large Amounts of Personal Information.	delegated	amended	Superseded 2026-01-01 by the CCPA Updates, Cyber, Risk, ADMT and Insurance Regulations (OAL 2025-0808-04). Retained as the text in force from 2023-03-29 to 2025-12-31.	CPPA-final-regs-2023-03-29	eng	https://cppa.ca.gov/regulations/pdf/20230329_final_regs_text.pdf	2026-08-01	application/pdf	2548	1fbf8515022e8b1eab9860119efc51e7216b6cb3ba5e7bbb438d1d4cbaaddc2d
CCR-11-7120	11 CCR § 7120	Requirement to Complete a Cybersecurity Audit.	delegated	in-force		CPPA-approved-text-2025-09-22-eff-2026-01-01	eng	https://cppa.ca.gov/regulations/pdf/ccpa_updates_cyber_risk_admt_appr_text.pdf	2026-08-01	application/pdf	973	b1c25a171730324dd388e4c78d775fa03b6ccdb3aa1c493fffb5febb4b97d735
CCR-11-7121	11 CCR § 7121	Timing Requirements for Cybersecurity Audits and Audit Reports.	delegated	in-force		CPPA-approved-text-2025-09-22-eff-2026-01-01	eng	https://cppa.ca.gov/regulations/pdf/ccpa_updates_cyber_risk_admt_appr_text.pdf	2026-08-01	application/pdf	1572	dcc6cd289e5c23319f932ae8dd82656f3a12988eb42d5e5e6835c47a7ea5f327
CCR-11-7122	11 CCR § 7122	Thoroughness and Independence of Cybersecurity Audits.	delegated	in-force		CPPA-approved-text-2025-09-22-eff-2026-01-01	eng	https://cppa.ca.gov/regulations/pdf/ccpa_updates_cyber_risk_admt_appr_text.pdf	2026-08-01	application/pdf	3632	d3368af0c32edbe4f649e089f7cfaeccb051c64fb125b1ea0ec2f2ec80aa0550
CCR-11-7123	11 CCR § 7123	Scope of Cybersecurity Audit and Audit Report.	delegated	in-force		CPPA-approved-text-2025-09-22-eff-2026-01-01	eng	https://cppa.ca.gov/regulations/pdf/ccpa_updates_cyber_risk_admt_appr_text.pdf	2026-08-01	application/pdf	12942	11ead25894cff1dccc13e14200195091690b5afc3aec6abed5566293787fe95e
CCR-11-7124	11 CCR § 7124	Certification of Completion.	delegated	in-force		CPPA-approved-text-2025-09-22-eff-2026-01-01	eng	https://cppa.ca.gov/regulations/pdf/ccpa_updates_cyber_risk_admt_appr_text.pdf	2026-08-01	application/pdf	2031	6ea49c2e8b029952e6ee2da71bddfdd463e8a8dde817f048df8d2953e62ea98e
CCR-11-7150	11 CCR § 7150	When a Business Must Conduct a Risk Assessment.	delegated	in-force		CPPA-approved-text-2025-09-22-eff-2026-01-01	eng	https://cppa.ca.gov/regulations/pdf/ccpa_updates_cyber_risk_admt_appr_text.pdf	2026-08-01	application/pdf	4379	8e712be0f4c8c3b1e1ef79f73bd9864fa882d3b8b008f482b42ff80c399dc505
CCR-11-7151	11 CCR § 7151	Stakeholder Involvement for Risk Assessments.	delegated	in-force		CPPA-approved-text-2025-09-22-eff-2026-01-01	eng	https://cppa.ca.gov/regulations/pdf/ccpa_updates_cyber_risk_admt_appr_text.pdf	2026-08-01	application/pdf	1109	6d1494fbf66f35d5aeb6c7ca0bcfadff12126d6f0d9b14c528bd03df07fa5815
CCR-11-7152	11 CCR § 7152	Risk Assessment Requirements.	delegated	in-force		CPPA-approved-text-2025-09-22-eff-2026-01-01	eng	https://cppa.ca.gov/regulations/pdf/ccpa_updates_cyber_risk_admt_appr_text.pdf	2026-08-01	application/pdf	7766	74aaac3a500cdac26d71de0e344c08491089a483422bd83b871d1672d168eaa3
CCR-11-7153	11 CCR § 7153	Additional Requirements for Businesses that Process Personal Information to Train Automated Decisionmaking Technology.	delegated	in-force		CPPA-approved-text-2025-09-22-eff-2026-01-01	eng	https://cppa.ca.gov/regulations/pdf/ccpa_updates_cyber_risk_admt_appr_text.pdf	2026-08-01	application/pdf	645	b9e1c2408206791d4043218106db6c778e951353ea142c9364b9fcb916cf7196
CCR-11-7154	11 CCR § 7154	Goal of a Risk Assessment.	delegated	in-force		CPPA-approved-text-2025-09-22-eff-2026-01-01	eng	https://cppa.ca.gov/regulations/pdf/ccpa_updates_cyber_risk_admt_appr_text.pdf	2026-08-01	application/pdf	390	7bf02c8c1e8bbd7f5634bc2f1ae8573ec341fc0ad547e4549c9132d0130ab9ab
CCR-11-7155	11 CCR § 7155	Timing and Retention Requirements for Risk Assessments.	delegated	in-force		CPPA-approved-text-2025-09-22-eff-2026-01-01	eng	https://cppa.ca.gov/regulations/pdf/ccpa_updates_cyber_risk_admt_appr_text.pdf	2026-08-01	application/pdf	2372	372f372e4b1b4fb3b52120757e4325da3fee0f63dc3ece68907bf326c8804f9d
CCR-11-7156	11 CCR § 7156	Conducting Risk Assessments for a Comparable Set of Processing Activities or in Compliance with Other Laws or Regulations.	delegated	in-force		CPPA-approved-text-2025-09-22-eff-2026-01-01	eng	https://cppa.ca.gov/regulations/pdf/ccpa_updates_cyber_risk_admt_appr_text.pdf	2026-08-01	application/pdf	2505	1e091d29948468bd2c1648042ee60ecbacbc3324645755c0c1b0f8298d4e45b8
CCR-11-7157	11 CCR § 7157	Submission of Risk Assessments to the Agency.	delegated	in-force		CPPA-approved-text-2025-09-22-eff-2026-01-01	eng	https://cppa.ca.gov/regulations/pdf/ccpa_updates_cyber_risk_admt_appr_text.pdf	2026-08-01	application/pdf	3087	2dbcc6db99931e4e0a6e0143d97f7c5611eb891dd53072432ed7d73785a08620
CCR-11-7200	11 CCR § 7200	When a Business’s Use of Automated Decisionmaking Technology is Subject to the Requirements of This Article.	delegated	in-force		CPPA-approved-text-2025-09-22-eff-2026-01-01	eng	https://cppa.ca.gov/regulations/pdf/ccpa_updates_cyber_risk_admt_appr_text.pdf	2026-08-01	application/pdf	694	798462cb3d594717eb3bfd69835503c33dd060fd23c288e36690ac7867b50001
CCR-11-7220	11 CCR § 7220	Pre-use Notice Requirements.	delegated	in-force		CPPA-approved-text-2025-09-22-eff-2026-01-01	eng	https://cppa.ca.gov/regulations/pdf/ccpa_updates_cyber_risk_admt_appr_text.pdf	2026-08-01	application/pdf	6599	b32406cda3f9c4155ee6ac0a76a67a7ea1ab0ec4523e7f0e9179e61dc6ac8322
CCR-11-7221	11 CCR § 7221	Requests to Opt-Out of ADMT.	delegated	in-force		CPPA-approved-text-2025-09-22-eff-2026-01-01	eng	https://cppa.ca.gov/regulations/pdf/ccpa_updates_cyber_risk_admt_appr_text.pdf	2026-08-01	application/pdf	8028	728c46245debeb2b19ef6cd7b46eace47970267cd641d5c5682018e8df0b1d86
CCR-11-7222	11 CCR § 7222	Requests to Access ADMT.	delegated	in-force		CPPA-approved-text-2025-09-22-eff-2026-01-01	eng	https://cppa.ca.gov/regulations/pdf/ccpa_updates_cyber_risk_admt_appr_text.pdf	2026-08-01	application/pdf	7082	f547d7653e936525b11d3677e5e71bb2c621058d68b106d54c0926f7cb3be629
CCR-11-7270	11 CCR § 7270	Definition of Insurance Company.	delegated	in-force		CPPA-approved-text-2025-09-22-eff-2026-01-01	eng	https://cppa.ca.gov/regulations/pdf/ccpa_updates_cyber_risk_admt_appr_text.pdf	2026-08-01	application/pdf	457	b5d35335d74995f16e9c0fe61cdad430265568687631f4413b42e21111fb0739
CCR-11-7271	11 CCR § 7271	General Application of the CCPA to Insurance Companies.	delegated	in-force		CPPA-approved-text-2025-09-22-eff-2026-01-01	eng	https://cppa.ca.gov/regulations/pdf/ccpa_updates_cyber_risk_admt_appr_text.pdf	2026-08-01	application/pdf	2238	6d1390ea82127fb8f49505ef29e54e8986d463e2a2cbc1a156a353acc4e94832
CCR-11-7300	11 CCR § 7300	Sworn Complaints Filed with the Agency.	delegated	in-force		CPPA-approved-text-2025-09-22-eff-2026-01-01	eng	https://cppa.ca.gov/regulations/pdf/ccpa_updates_cyber_risk_admt_appr_text.pdf	2026-08-01	application/pdf	1284	fafffd315e301a1ab25ac64c89c4d6257300e119fa608d504567f5c8587118df
CCR-11-7300@2023	11 CCR § 7300 (2023 text)	Sworn Complaints Filed with the Agency.	delegated	amended	Superseded 2026-01-01 by the CCPA Updates, Cyber, Risk, ADMT and Insurance Regulations (OAL 2025-0808-04). Retained as the text in force from 2023-03-29 to 2025-12-31.	CPPA-final-regs-2023-03-29	eng	https://cppa.ca.gov/regulations/pdf/20230329_final_regs_text.pdf	2026-08-01	application/pdf	1279	2fae79e4a2121e9e240e8be92abc0108f4b09a189faa97301e067a3ae4d2b80b
CCR-11-7301	11 CCR § 7301	Investigations.	delegated	in-force		CPPA-final-regs-2023-03-29	eng	https://cppa.ca.gov/regulations/pdf/20230329_final_regs_text.pdf	2026-08-01	application/pdf	790	a1245e462df5e5504180fba384f2c41017255e71cc1926869ba7288b34d16850
CCR-11-7302	11 CCR § 7302	Probable Cause Proceedings.	delegated	in-force		CPPA-approved-text-2025-09-22-eff-2026-01-01	eng	https://cppa.ca.gov/regulations/pdf/ccpa_updates_cyber_risk_admt_appr_text.pdf	2026-08-01	application/pdf	2117	d12f26e5d36c120d7d6e3eb68409c94f7684ced591cb1e76ee05fc61e10f1ca2
CCR-11-7302@2023	11 CCR § 7302 (2023 text)	Probable Cause Proceedings.	delegated	amended	Superseded 2026-01-01 by the CCPA Updates, Cyber, Risk, ADMT and Insurance Regulations (OAL 2025-0808-04). Retained as the text in force from 2023-03-29 to 2025-12-31.	CPPA-final-regs-2023-03-29	eng	https://cppa.ca.gov/regulations/pdf/20230329_final_regs_text.pdf	2026-08-01	application/pdf	2022	c9aff660981fa97b1c818647c15d2a60aaeba89bbac532cbcd6721a28c0af548
CCR-11-7303	11 CCR § 7303	Stipulated Orders.	delegated	in-force		CPPA-final-regs-2023-03-29	eng	https://cppa.ca.gov/regulations/pdf/20230329_final_regs_text.pdf	2026-08-01	application/pdf	715	0637e83f7b33f4b266697d7b0f19d8c34609169d30ee9914b516f00c82608da9
CCR-11-7304	11 CCR § 7304	Agency Audits.	delegated	in-force		CPPA-final-regs-2023-03-29	eng	https://cppa.ca.gov/regulations/pdf/20230329_final_regs_text.pdf	2026-08-01	application/pdf	1222	f36d6237bc31e22a5d784ea302935b2b61b492f4e101e378bac3b41a6da603ab
